{
  "having_IPhaving_IP_Address": 0.18423869413968424,
  "URLURL_Length": -0.042012309339042014,
  "Shortining_Service": 0.05713138881455713,
  "having_At_Symbol": 0.17353492105967352,
  "double_slash_redirecting": 0.08683435911158684,
  "Prefix_Suffix": 0.22357506020872359,
  "having_Sub_Domain": 0.3691463740968691,
  "SSLfinal_State": 1.0,
  "Domain_registeration_length": -0.3691463740968691,
  "Favicon": 0.10556596200160556,
  "port": 0.15935242172865935,
  "HTTPS_token": 0.07051110516457051,
  "Request_URL": 0.39724377843189723,
  "URL_of_Anchor": 0.7152796360717153,
  "Links_in_tags": 0.25876371420925875,
  "SFH": 0.14664169119614665,
  "Submitting_to_email": 0.12777629114262778,
  "Abnormal_URL": 0.05579341717955579,
  "Redirect": 0.010034787262510034,
  "on_mouseover": 0.16818303451966818,
  "RightClick": 0.16149317634466148,
  "popUpWidnow": 0.10342520738560343,
  "Iframe": 0.13473374364463472,
  "age_of_domain": 0.1885202033716885,
  "DNSRecord": 0.16657746855766659,
  "web_traffic": 0.46936044955846934,
  "Page_Rank": 0.05311747390955312,
  "Google_Index": 0.2527428418517527,
  "Links_pointing_to_page": 0.08522879314958523,
  "Statistical_report": 0.20270270270270271
}